Order No,Time,Pair,Side,Price,Executed,Amount,Fee,AOR Conversion Pair,AOR Conversion Rate
100001,2025-11-28 09:42:39,PAXGUSDT,BUY,4190.66,0.5824PAXG,2440.640384USDT,0.0005824PAXG,,
100001,2025-11-28 09:42:39,PAXGUSDT,BUY,4190.66,0.5535PAXG,2319.53031USDT,0.0005535PAXG,,
100001,2025-11-28 09:42:39,PAXGUSDT,BUY,4190.66,0.1259PAXG,527.604094USDT,0.0001259PAXG,,
100002,2025-12-11 19:16:07,PAXGUSDT,SELL,4259.04,0.0254PAXG,108.179616USDT,0.10817962USDT,,
100002,2025-12-11 19:16:07,PAXGUSDT,SELL,4259.04,0.4PAXG,1703.616USDT,1.703616USDT,,
100002,2025-12-11 19:16:07,PAXGUSDT,SELL,4259.04,0.0388PAXG,165.250752USDT,0.16525075USDT,,
100002,2025-12-11 19:16:07,PAXGUSDT,SELL,4259.04,0.0021PAXG,8.943984USDT,0.00894398USDT,,
100002,2025-12-11 19:16:07,PAXGUSDT,SELL,4259.04,0.1144PAXG,487.234176USDT,0.48723418USDT,,
100002,2025-12-11 19:16:07,PAXGUSDT,SELL,4259.04,0.2347PAXG,999.596688USDT,0.99959669USDT,,
100002,2025-12-11 19:16:07,PAXGUSDT,SELL,4259.04,0.0041PAXG,17.462064USDT,0.01746206USDT,,
100002,2025-12-11 19:16:07,PAXGUSDT,SELL,4259.04,0.1PAXG,425.904USDT,0.425904USDT,,
100002,2025-12-11 19:16:07,PAXGUSDT,SELL,4259.04,0.2PAXG,851.808USDT,0.851808USDT,,
100002,2025-12-11 19:16:07,PAXGUSDT,SELL,4259,0.141PAXG,600.519USDT,0.600519USDT,,
100003,2026-03-03 19:37:26,PAXGUSDT,BUY,5145,0.2063PAXG,1061.4135USDT,0.0002063PAXG,,
100003,2026-03-03 19:37:26,PAXGUSDT,BUY,5144.99,0.3474PAXG,1787.369526USDT,0.0003474PAXG,,
100003,2026-03-03 19:37:26,PAXGUSDT,BUY,5144.99,0.1943PAXG,999.671557USDT,0.0001943PAXG,,
100004,2026-03-09 06:18:59,PAXGUSDT,BUY,5105.69,0.1787PAXG,912.386803USDT,0.0001787PAXG,,
100004,2026-03-09 06:18:59,PAXGUSDT,BUY,5105.69,0.1562PAXG,797.508778USDT,0.0001562PAXG,,
100004,2026-03-09 06:18:59,PAXGUSDT,BUY,5105.69,0.0272PAXG,138.874768USDT,0.0000272PAXG,,
100005,2026-03-17 14:11:10,PAXGUSDT,SELL,4998.25,0.0861PAXG,430.349325USDT,0.43034933USDT,,
100005,2026-03-17 14:11:10,PAXGUSDT,SELL,4998.25,0.4684PAXG,2341.1803USDT,2.3411803USDT,,
100006,2026-03-23 11:49:10,PAXGUSDT,BUY,4271.1,0.003PAXG,12.8133USDT,0.000003PAXG,,
100006,2026-03-23 11:49:10,PAXGUSDT,BUY,4271.1,0.004PAXG,17.0844USDT,0.000004PAXG,,
100006,2026-03-23 11:49:10,PAXGUSDT,BUY,4271.1,0.011PAXG,46.9821USDT,0.000011PAXG,,
100006,2026-03-23 11:49:10,PAXGUSDT,BUY,4271.1,0.004PAXG,17.0844USDT,0.000004PAXG,,
100006,2026-03-23 11:49:10,PAXGUSDT,BUY,4271.1,0.075PAXG,320.3325USDT,0.000075PAXG,,
100006,2026-03-23 11:49:10,PAXGUSDT,BUY,4271.1,0.02PAXG,85.422USDT,0.00002PAXG,,
