Time,Pair,Side,Price,Executed,Amount,Fee
2026-01-08 09:14:22,BTCUSDT,BUY,94250.10,0.02120000BTC,1998.10212USDT,1.99810212USDT
2026-01-22 16:02:05,ETHUSDT,BUY,3180.44,0.31440000ETH,999.90232USDT,0.00031440ETH
2026-02-03 11:47:51,ETHUSDT,BUY,2975.00,0.16800000ETH,499.80000USDT,0.00016800ETH
2026-02-19 20:31:09,BNBUSDT,BUY,712.35,1.40400000BNB,1000.14140USDT,0.00140400BNB
2026-03-05 08:22:40,BTCUSDT,SELL,102400.00,0.01000000BTC,1024.00000USDT,1.02400000USDT
2026-03-05 08:22:40,BTCUSDT,SELL,102410.50,0.00320000BTC,327.71360USDT,0.32771360USDT
2026-03-27 14:55:13,ETHUSDT,SELL,3420.90,0.25000000ETH,855.22500USDT,0.85522500USDT
2026-04-11 10:08:33,SOLUSDT,BUY,198.62,3.02000000SOL,599.83240USDT,0.00302000SOL
2026-04-30 19:26:47,ETHBTC,BUY,0.03310,0.12000000ETH,0.00397200BTC,0.00000397BTC
2026-05-14 07:41:19,SOLUSDT,SELL,171.05,1.50000000SOL,256.57500USDT,0.25657500USDT
2026-06-02 13:03:58,BNBUSDT,SELL,840.00,0.70000000BNB,588.00000USDT,0.58800000USDT
2026-06-21 22:17:04,BTCUSDT,BUY,88900.00,0.01120000BTC,995.68000USDT,0.00001120BTC
2026-07-09 12:30:11,ETHUSDT,BUY,3050.75,0.20000000ETH,610.15000USDT,0.61015000USDT
